id,name,lat,long,street
1,Matthew Taylor,21.42338405,39.82678407,"4256 King Abdul Aziz Rd, Mecca 24231 7250, Saudi Arabia"
2,Teresa Johnson,21.42269035,39.82709166,"Safa Bridge, Ajyad, Mecca 24231, Saudi Arabia"
3,David Davis,21.42190149,39.82698483,"Safa Bridge, Ajyad, Mecca 24231, Saudi Arabia"
4,Joseph Villegas,21.42138661,39.82651358,"Safa Bridge, Ajyad, Mecca 24231, Saudi Arabia"
5,Daniel Deleon,21.42138662,39.82589841,"Ajyad Bridge, Ajyad, Mecca 24231, Saudi Arabia"
6,Christine Jones,21.4219015,39.82542716,"4256 King Abdul Aziz Rd, Mecca 24231 7250, Saudi Arabia"
7,Bethany Stephens,21.42269034,39.82532034,"4256 King Abdul Aziz Rd, Mecca 24231 7250, Saudi Arabia"
8,Thomas Hunt,21.42338404,39.82562792,"4256 King Abdul Aziz Rd, Mecca 24231 7250, Saudi Arabia"
9,James Sanchez,21.42365801,39.82620599,"4280 باب العمرة، Harat Al Bab and Ash Shamiyyah, Makkah 24231 7499, Saudi Arabia"
10,Sean Anderson,21.35607371,39.98409999,"Pedestrian path, Al Mashair, Mecca 24256, Saudi Arabia"
11,Matthew Gray,21.35579912,39.98467807,"Pedestrian path, Al Mashair, Mecca 24256, Saudi Arabia"
12,Jessica Lewis,21.35510381,39.98498566,"Pedestrian path, Al Mashair, Mecca 24256, Saudi Arabia"
13,Theresa Lewis,21.35431314,39.98487883,"3814, Al Mashair, Mecca 24258 9085, Saudi Arabia"
14,James Jones,21.35379707,39.98440758,"Pedestrian path, Al Mashair, Mecca 24256, Saudi Arabia"
15,Tyler Hodge,21.35379708,39.98379241,"Pedestrian path, Al Mashair, Mecca 24256, Saudi Arabia"
16,Charles Lee,21.35431315,39.98332116,"3613, Al Mashair, Mecca 24258 9188, Saudi Arabia"
17,Paige Thomas,21.35510381,39.98321434,"3613, Al Mashair, Mecca 24258 9188, Saudi Arabia"
18,Jesse Miller,21.3557991,39.98352192,"Pedestrian path, Al Mashair, Mecca 24256, Saudi Arabia"
19,Monica Pennington,21.35607371,39.98409999,"Pedestrian path, Al Mashair, Mecca 24256, Saudi Arabia"
20,Michael Carrillo,21.23314566,39.56958999,"Unnamed Road 24514, Saudi Arabia"
21,Tracey Drake,21.23287272,39.57016807,304 Saudi Arabia
22,Steven Hicks,21.23218159,39.57047566,Unnamed Road Saudi Arabia
23,Chelsea Macdonald,21.23139566,39.57036883,Unnamed Road Saudi Arabia
24,Donna Hernandez,21.23088269,39.56989758,Unnamed Road Saudi Arabia
25,Emily Baird,21.2308827,39.56928241,Unnamed Road Saudi Arabia
26,Kevin Chavez,21.23139568,39.56881116,Unnamed Road Saudi Arabia
27,Valerie Bennett,21.23218159,39.56870434,Unnamed Road Saudi Arabia
28,Jessica Yu,21.23287271,39.56901192,Unnamed Road Saudi Arabia
29,Ashley Hoffman,21.23314566,39.56958999,"Unnamed Road 24514, Saudi Arabia"
30,Joann Evans,21.41577217,39.89459999,"6575 Street 608, Al Mashair, Mecca 24248, Saudi Arabia"
31,Michael Fox,21.41549794,39.89517807,"King Abdullah Rd, Al Mashair, Mecca 24248, Saudi Arabia"
32,Mrs. Brenda Knox,21.41480355,39.89548566,"3259 Street 608, Al Mashair, Mecca 24248 6417, Saudi Arabia"
33,Victor Hernandez,21.41401391,39.89537883,"King Fahd Rd & Rd 25, Al Mashair, Mecca 24248, Saudi Arabia"
34,Jacob Gallagher,21.41349851,39.89490758,"3228 Rd 68 (King Fahd Road), Al Mashair, Makkah 24248 6296, Saudi Arabia"
35,Marie Garner,21.41349852,39.89429241,"King Fahd Rd, Al Mashair, Mecca 24248, Saudi Arabia"
36,Jeremy Jenkins,21.41401392,39.89382116,"King Abdullah Rd, Al Mashair, Mecca 24248, Saudi Arabia"
37,Thomas Hernandez,21.41480354,39.89371434,"3107 Street 214, Al Mashair, Makkah 24248 6419, Saudi Arabia"
38,David Ramirez,21.41549793,39.89402192,"6500 Street 606, Al Mashair, Makkah 24248 3133, Saudi Arabia"
39,Brenda Lewis,21.41577217,39.89459999,"6575 Street 608, Al Mashair, Mecca 24248, Saudi Arabia"
